effect,prefix,suffix
FLUX_CAPACITY_MULT,Capacitive,Capacity
FLUX_DISSIPATION_MULT,Vent-efficient,Venting
ARMOR_PERCENT,Plated,Plating
HULL_MULT,Reinforced,Fortitude
SHIELD_DAMAGE_TAKEN_MULT,Hardened,Shielding
SHIELD_UPKEEP_MULT,Frugal,Economy
SHIELD_ARC_FLAT,Encompassing,Coverage
NON_BEAM_ENERGY_WEAPON_DAMAGE_PERCENT,Charged,Discharge
BEAM_WEAPON_DAMAGE_PERCENT,Focused,Focus
ENERGY_WEAPON_FLUX_COST_PERCENT,Efficient,Conservation
MISSILE_WEAPON_DAMAGE_PERCENT,Volatile,Ordnance
MISSILE_WEAPON_AMMO_PERCENT,Stocked,Reserves
MISSILE_WEAPON_PROJECTILE_SPEED_PERCENT,Accelerated,Pursuit
TOP_SPEED_PERCENT,Swift,Speed
MANEUVERABILITY_PERCENT,Agile,Agility
ACCELERATION_PERCENT,Eager,Thrust
BALLISTIC_WEAPON_DAMAGE_PERCENT,Heavy,Impact
BALLISTIC_WEAPON_PROJECTILE_SPEED_PERCENT,High-velocity,Velocity
BALLISTIC_WEAPON_RANGE_PERCENT,Rangefinding,Reach
CREW_CAPACITY_PERCENT,Crewed,Quarters
BURN_LEVEL_FLAT,Driven,Transit
SUPPLIES_PER_MONTH_MULT,Thrifty,Provision
CARGO_CAPACITY_PERCENT,Capacious,Haulage
FUEL_CAPACITY_PERCENT,Tanked,Endurance
FUEL_USE_MULT,Economical,Mileage
ACCELERATION_FLAT,Spry,Surge
ARMOR_DAMAGE_TAKEN_MULT_PER_DMOD,Battle-scarred,Scars
BALLISTIC_WEAPON_AMMO_PERCENT,Loaded,Munitions
BALLISTIC_WEAPON_AMMO_REGEN_PERCENT,Autoloading,Reloading
BALLISTIC_WEAPON_FIRE_RATE_MULT,Rapid,Barrage
BALLISTIC_WEAPON_FLUX_COST_MULT,Recoilless,Restraint
CREATE_FRONT_SHIELD_IF_NONE,Projected,Bulwark
ENERGY_WEAPON_AMMO_REGEN_PERCENT,Recharging,Recharge
ENERGY_WEAPON_PROJECTILE_SPEED_PERCENT,Lancing,Celerity
FIGHTER_ARMOR_PERCENT,Ironwing,Ironwings
FIGHTER_SHIELD_DAMAGE_TAKEN_PERCENT,Warded,Wards
FIGHTER_TOP_SPEED_PERCENT,Darting,Sorties
FIGHTER_WEAPON_DAMAGE_PERCENT,Predatory,Talons
FIGHTER_ROLE_RATE_OF_FIRE_PERCENT,Strafing,Volleys
FIGHTER_WEAPON_RANGE_FLAT,Longshot,Longshots
FIGHTER_ENGAGEMENT_RANGE_PERCENT,Ranging,Patrols
MISSILE_WEAPON_FIRE_RATE_MULT,Quickfire,Salvos
MISSILE_WEAPON_HEALTH_PERCENT,Hardcased,Resilience
NON_BEAM_ENERGY_WEAPON_AMMO_PERCENT,Banked,Cells
NON_BEAM_ENERGY_WEAPON_CHAIN_CHANCE_PERCENT,Arcing,Arcs
NON_BEAM_ENERGY_WEAPON_RANGE_PERCENT,Projecting,Projection
PD_DAMAGE_TO_MISSILES_PERCENT,Vigilant,Interception
POST_BATTLE_SALVAGE_PERCENT,Scavenging,Salvage
REPAIR_TIME_MULT,Mending,Repair
SENSOR_STRENGTH_FLAT,Watchful,Sensors
SHIELD_RAISE_RATE_PERCENT,Ready,Readiness
WEAPON_DAMAGE_MULT_PER_DMOD,Desperate,Desperation
